month_date_yyyymm,postal_code,zip_name,nielsen_hh_rank,hotness_rank,hotness_rank_mm,hotness_rank_yy,hotness_score,supply_score,demand_score,median_days_on_market,median_days_on_market_mm,median_dom_mm_day,median_days_on_market_yy,median_dom_yy_day,median_dom_vs_us,ldp_unique_viewers_per_property_mm,ldp_unique_viewers_per_property_yy,ldp_unique_viewers_per_property_vs_us,median_listing_price,median_listing_price_mm,median_listing_price_yy,median_listing_price_vs_us,quality_flag,id,zip_code
202201,92618,"irvine, ca",4109,1772,-606,5647,74.641195,95.07757951900699,54.204809930178435,16,-0.19999999999999996,-4,-0.6666666666666667,-32,-45,0.2720848056537102,2.159183673469388,1.1166,1300975,-0.06666547098070164,0.13128260869565223,3.4693,1,1,92618
202201,92620,"irvine, ca",1262,1177,-879,2803,79.059348,89.39487975174553,68.72381691233514,30,0.05263157894736836,1.5,-0.16666666666666663,-6,-31,0.051183987311912205,0.810042347247429,1.45,1475000,0.06884057971014501,0.17249602543720188,3.9333,0,2,92620
202112,92618,"irvine, ca",4109,1166,93,7128,78.240454,95.30452929355387,61.17637965682485,20,-0.14893617021276595,-3.5,-0.6190476190476191,-32.5,-33.5,-0.10512215197315455,2.8565314603170777,1.2792,1393900,0.056735370765221615,0.21208695652173915,3.7171,1,1,92618
202111,92602,"irvine, ca",4786,3534,1342,6541,61.266337,70.89801080832471,51.63466329385612,38.5,-0.19791666666666663,-9.5,-0.49673202614379086,-38,-8,-0.1488928975664967,1.6591508918820534,1.1203,2300000,0.00877192982456143,0.47313608254686024,6.0614,1,5,92602
202111,92612,"irvine, ca",2307,2849,312,5521,65.066498,70.06630638917635,60.066689663102224,39,0.11428571428571432,4,-0.19587628865979378,-9.5,-7.5,0.05456237235300443,2.5570748800892575,1.2897,987500,0.012820512820512775,0.3715277777777777,2.6025,1,3,92612
202111,92618,"irvine, ca",4109,1259,2246,7801,76.049212,90.5752941627381,61.52313058142654,23.5,-0.265625,-8.5,-0.5346534653465347,-27,-23,0.23217940031409223,4.291544067745275,1.3192,1319062.5,0.11032196969696972,0.1564373423015082,3.4762,0,1,92618
202110,92612,"irvine, ca",2307,3161,609,5933,61.781696,71.6907045231443,51.872687457524734,35,0.12903225806451624,4,-0.2857142857142857,-14,-8,0.1600567602548899,2.8617889207614646,1.1551,975000,-0.019114688128772594,0.3356164383561644,2.5658,1,3,92612
202110,92620,"irvine, ca",1262,985,2291,6418,76.370535,87.20833647964963,65.53273427471117,24,-0.2727272727272727,-9,-0.3513513513513513,-13,-19,0.24675829331567045,2.756783103168156,1.4386,1200000,-0.04912836767036455,0.010101010101010166,3.1579,0,2,92620
202110,92618,"irvine, ca",4109,3505,1152,4707,60.020388,76.4630370761912,43.577739182964585,32,-0.01538461538461533,-0.5,-0.1351351351351351,-5,-11,0.11737655798081525,3.9857810673938445,1.0113,1188000,0.019742489270386354,0.043020193151887653,3.1263,0,1,92618
202110,92603,"irvine, ca",5600,7702,-1622,946,40.226912,27.739182964585062,52.71464169750056,69,0.40816326530612246,20,0.32692307692307687,17,26,-0.0262582229449142,1.5604294042371678,1.1696,3499000,0.11985917746839503,0.7076622742801366,9.2079,1,6,92603
202109,92603,"irvine, ca",5600,6080,-1302,1564,47.925847,42.698678012460114,53.15301625892721,49,0.4411764705882353,15,0.101123595505618,4.5,7.5,0.06344305633368985,1.4575854184780859,1.1838,3124500,-0.15656633823727895,0.5463994060876021,8.2224,1,6,92603
202109,92602,"irvine, ca",4786,5253,-426,2320,51.661981,58.71827989667224,44.60568302689561,39.5,0.27419354838709675,8.5,-0.09195402298850575,-4,-2,0.041443159796278994,1.1772521623333305,1.0348,1780000,0.20270270270270263,0.20718887758562232,4.6842,0,5,92602
202109,92618,"irvine, ca",4109,4657,2051,3765,54.361039,73.08159854125513,35.6404801701869,32.5,0.06557377049180335,2,-0.1875,-7.5,-9,0.2750818955819101,2.6465461509947388,0.892,1165000,-0.02916262151092297,0.06305804844442209,3.0658,0,1,92618
202109,92620,"irvine, ca",1262,3276,1017,3185,61.295776,72.1622853669655,50.42926606898648,33,0.2941176470588236,7.5,0.06451612903225801,2,-8.5,0.26284994878798207,1.7522163375741178,1.1372,1262000,0.009600000000000053,0.15966000459453245,3.3211,0,2,92620
202109,92612,"irvine, ca",2307,3770,2596,5216,58.680292,76.12065035708859,41.23993314086005,31,-0.10144927536231885,-3.5,-0.3737373737373737,-18.5,-10.5,0.09863052204861789,1.8338860248344293,0.9814,994000,0.03757828810020869,0.308764376329008,2.6158,1,3,92612
202108,92602,"irvine, ca",4786,4827,183,2040,53.756279,68.62916730095905,38.883391688232614,31,0.08771929824561409,2.5,-0.13888888888888884,-5,-6.5,-0.050872142958116706,1.4286338770514324,0.9444,1480000,-0.10462569724248916,0.18399999999999994,3.89,0,5,92602
202108,92618,"irvine, ca",4109,6708,-943,1642,45.128634,69.5159080529761,20.74136093773786,30.5,0.2978723404255319,7,-0.27380952380952384,-11.5,-7,-0.043266240573752834,1.7747709495248842,0.6649,1199995,-0.06189633754986623,0.09289162112932603,3.154,0,1,92618
202108,92603,"irvine, ca",5600,4778,2516,3145,53.999848,62.0870756583955,45.91261988126046,34,-0.16049382716049387,-6.5,-0.33333333333333337,-17,-3.5,0.02596288417631243,1.1128488930651628,1.058,3704500,-0.12059347181008906,0.7032183908045977,9.7368,1,6,92603
202108,92612,"irvine, ca",2307,6366,1347,2505,46.738469,60.89587456233826,32.5810625666007,34.5,0.029850746268656803,1,-0.29591836734693877,-14.5,-3,0.18385791788940264,1.8094746295464752,0.849,958000,0.07105703155090293,0.2911051212938005,2.518,0,3,92612
202108,92620,"irvine, ca",1262,4293,329,1094,56.032121,79.07596285583803,32.98827827675445,25.5,0.18604651162790709,4,-0.05555555555555558,-1.5,-12,0.037917029547687164,0.8997460735446254,0.8559,1250000,-0.026100506427736647,0.20423892100192687,3.2855,0,2,92620
202107,92603,"irvine, ca",5600,7294,-258,753,41.902934,44.90346609911827,38.90240194588021,40.5,0.03846153846153855,1.5,-0.2894736842105263,-16.5,4,-0.10473814589449848,1.0971895294631722,0.9326,4212500,0.6893924202927613,0.9823995858726087,10.9416,1,6,92603
202107,92612,"irvine, ca",2307,7713,989,85,39.438279,58.21298266950441,20.663575554879905,33.5,-0.1298701298701299,-5,-0.23863636363636365,-10.5,-3,-0.07317393102644598,1.1099214038662422,0.6486,894443.5,0.02875343322859214,0.20060335975409238,2.3232,0,3,92612
202107,92618,"irvine, ca",4109,5765,1918,2623,49.156279,78.79294618425054,19.51961082395865,23.5,-0.17543859649122806,-5,-0.47777777777777775,-21.5,-13,0.09858143623113325,1.7799394469389802,0.6285,1279171,0.015215079365079376,0.19560815278932497,3.3225,0,1,92618
202107,92620,"irvine, ca",1262,4622,464,1578,54.566358,82.07281848586196,27.059896625114018,21.5,-0.0444444444444444,-1,-0.42666666666666664,-16,-15,-0.11354533817612078,0.8541095642698977,0.7458,1283500,0.03801051354630003,0.12096069868995629,3.3338,0,2,92620
202107,92602,"irvine, ca",4786,5010,242,2624,52.903618,69.06354515050167,36.74369109151718,28.5,0.23913043478260865,5.5,-0.3522727272727273,-15.5,-8,0.08831957914181898,1.7157975779447234,0.8998,1652940,-0.11817333084371417,0.24374717832957105,4.2934,0,5,92602
202106,92618,"irvine, ca",4109,7683,668,1049,40.07207,65.82649246541025,14.317647512236482,28.5,-0.18571428571428572,-6.5,-0.4910714285714286,-27.5,-7,-0.14123011623140225,1.6389023434863574,0.5165,1260000,0.03372910390454242,0.20005714557836085,3.2727,0,1,92618
202106,92602,"irvine, ca",4786,5252,1046,932,52.491618,76.27471383975026,28.70852121632559,23,-0.32352941176470584,-11,-0.39473684210526316,-15,-12.5,-0.22922899280953135,1.3357455515598984,0.7464,1874450,0.01983133841131668,0.35495879716640166,4.8687,1,5,92602
202106,92620,"irvine, ca",1262,5086,-229,539,53.3395,77.17655220256677,29.502447296411916,22.5,0.0714285714285714,1.5,-0.296875,-9.5,-13,-0.09489322966805214,1.360940337026721,0.7595,1236500,0.029987505206164,0.08512505484861776,3.2117,0,2,92620
202106,92603,"irvine, ca",5600,7036,627,1628,43.621613,46.01688056422708,41.22634601302656,39,-0.04878048780487809,-2,-0.5272727272727273,-43.5,3.5,0.026230376141408884,1.4145979119244116,0.9404,2493500,-0.2251398384089497,0.2963725484079598,6.4766,0,6,92603
202106,92612,"irvine, ca",2307,8702,585,-1434,33.926851,46.66050025051066,21.193201526188,38.5,-0.08333333333333337,-3.5,-0.1348314606741573,-6,3,0.13669187592984988,1.3113828437665185,0.6317,869444,0.0668024539877301,0.12186322580645159,2.2583,0,3,92612
202105,92620,"irvine, ca",1262,4857,539,410,54.353243,79.95322803251035,28.753258702652968,21,-0.06666666666666665,-1.5,-0.5714285714285714,-28,-16,0.047909000132673185,1.0870577867304543,0.7302,1200500,0.0004166666666667318,0.09335154826958103,3.16,0,2,92620
202105,92602,"irvine, ca",4786,6298,-1102,-1416,47.118923,58.34227879159638,35.89556816439197,34,0.33333333333333326,8.5,-0.10526315789473684,-4,-3,0.05708121548981615,1.6607857741364866,0.8427,1838000,0.13843295137813572,0.31473533619456373,4.8381,1,5,92602
202105,92618,"irvine, ca",4109,8351,-145,-186,35.861064,55.83499463272504,15.887133875172518,35,0.02941176470588225,1,-0.375,-21,-2,0.17549764474419693,2.260277622697051,0.5233,1218888,0.039743784955427186,0.1553440758293838,3.2084,0,1,92618
202105,92612,"irvine, ca",2307,9287,-1670,-1818,29.34941,45.02760312835455,13.671216071154731,42,0.2727272727272727,9,-0.26315789473684215,-15,5,-0.11395664818049289,0.9881004462332663,0.4836,815000,-0.00911854103343468,0.05161290322580636,2.1453,0,3,92612
202105,92603,"irvine, ca",5600,7663,931,-531,39.802178,46.6914583652814,32.912896794970095,41,-0.28695652173913044,-16.5,-0.3970588235294118,-27,4,-0.001544963773263186,1.2847600488354622,0.7974,3218000,-0.2574988463313337,0.8304891922639364,8.4707,1,6,92603
202104,92612,"irvine, ca",2307,7617,417,-1023,41.165362,65.68547288089398,16.64525172292956,33,-0.13157894736842102,-5,-0.31958762886597936,-15.5,-7,0.2770722725572561,1.215467074162985,0.5094,822500,0.009202453987730008,0.0319949811794229,2.2102,0,3,92612
202104,92603,"irvine, ca",5600,8594,1402,-3090,35.14971,39.05696375034069,31.24245609936534,57.5,-0.42500000000000004,-42.5,-0.008620689655172376,-0.5,17.5,0.2460688560615305,1.1563920213388061,0.7454,4334000,0.21061452513966472,1.4368850154624684,11.6463,1,6,92603
202104,92602,"irvine, ca",4786,5196,930,700,54.016275,76.84460538099131,31.187945333489083,25.5,-0.2153846153846154,-7,-0.5641025641025641,-33,-14.5,0.14010467346225441,1.295420416857993,0.744,1614500,0.1255231992325947,0.10036981149564417,4.3385,0,5,92602
202104,92618,"irvine, ca",4109,8206,-443,-772,37.694195,64.0618307830082,11.32655842386014,34,0,0,-0.26086956521739135,-12,-6,0.1419460865497688,1.6449296283313468,0.4155,1172296.5,-0.014413085149313942,0.06669866559902449,3.1502,0,1,92618
202104,92620,"irvine, ca",1262,5396,-923,-320,53.075965,80.93680644784487,25.21512284390453,22.5,0.6666666666666667,9,-0.4444444444444444,-18,-17.5,-0.019872906310847704,1.4013126389465906,0.6503,1200000,-0.03026384904440582,0.04347826086956519,3.2246,0,2,92620
202103,92603,"irvine, ca",5600,9996,-727,-4245,25.861262,28.80886426592798,22.91365924076314,100,0.1049723756906078,9.5,0.9047619047619047,47.5,52,0.007101891980249686,1.1138590611170702,0.5969,3580000,0.19432860717264377,0.7059804622349297,10.0378,1,6,92603
202103,92602,"irvine, ca",4786,6126,-1518,-796,50.538411,74.66349342592954,26.413327611095937,32.5,0.2264150943396226,6,-0.19753086419753085,-8,-15.5,-0.03467125125672099,1.6480182973670705,0.6511,1434444,-0.0901084681255947,-0.035462995836426425,4.022,0,5,92602
202103,92618,"irvine, ca",4109,7763,-883,-48,41.024541,72.88829932503609,9.160781865709493,34,0.17241379310344818,5,-0.26086956521739135,-12,-14,0.08454360371368885,1.5152613582250365,0.3631,1189440,0.057284699043106846,0.06933448887818061,3.335,0,1,92618
202103,92620,"irvine, ca",1262,4473,-459,567,59.511919,91.89653154383363,27.127306776949787,13.5,-0.25,-4.5,-0.6029411764705883,-20.5,-34.5,-0.027678944476462908,1.8835047371948184,0.6621,1237450,0.1457870370370371,0.06676724137931034,3.4696,1,2,92620
202103,92612,"irvine, ca",2307,8034,-557,-1335,39.456127,67.972377199485,10.939877492099411,38,-0.012987012987012991,-0.5,-0.21649484536082475,-10.5,-10,0.05575151290017022,0.8533605297471525,0.398,815000,0.12258953168044084,0.027755709403649576,2.2851,0,3,92612
202102,92602,"irvine, ca",4786,4608,1079,836,58.775048,86.55911878442248,30.990976914964257,26.5,-0.4111111111111111,-18.5,-0.5431034482758621,-31.5,-37,0.33245518796677653,1.3245692579025916,0.7197,1576500,-0.007241813602015146,0.05459264561272059,4.5334,0,5,92602
202102,92603,"irvine, ca",5600,9269,-545,-2736,31.955783,38.537557126674734,25.374008827780166,90.5,0.1312500000000001,10.5,0.11728395061728403,9.5,27,0.15710485769935167,0.8719604713828075,0.6323,2997500,0.005872483221476488,0.1105965172286032,8.6197,0,6,92603
202102,92612,"irvine, ca",2307,7477,-65,1218,42.994414,74.89941799148471,11.089410569899613,38.5,-0.2870370370370371,-15.5,-0.5574712643678161,-48.5,-25,-0.0031670871996184458,0.8641665498753563,0.4022,726000,0.011142061281337101,-0.08447773616312937,2.0877,0,3,92612
202102,92620,"irvine, ca",1262,4014,-34,-441,61.937034,92.46513808054372,31.408929338697707,18,-0.5,-18,-0.48571428571428577,-17,-45.5,0.07956874276040282,1.0988626843994793,0.7264,1080000,-0.14149443561208264,-0.09924937447873228,3.1057,0,2,92620
202102,92618,"irvine, ca",4109,6880,539,186,46.554822,84.47716886059138,8.632475293933831,29,-0.39583333333333337,-19,-0.3555555555555555,-16,-34.5,0.20300915533901986,1.0605486529669226,0.3572,1124995,-0.02174347826086953,-0.02003919860627179,3.2351,0,1,92618
202101,92618,"irvine, ca",4109,7419,875,368,42.594437,77.84460960845912,7.3442648072944605,48,-0.08571428571428574,-4.5,-0.36,-27,-23,0.5528806110242157,0.5767103814668799,0.3514,1150000,0,0.0008703220191470518,3.3833,0,1,92618
202101,92612,"irvine, ca",2307,7412,805,-814,42.621255,71.46195693816566,13.780553214313079,54,-0.027027027027026973,-1.5,-0.26027397260273977,-19,-17,0.5968288876617607,0.6461849052696964,0.4775,718000,-0.0224642614023145,-0.05457897162420178,2.1124,0,3,92612
202101,92602,"irvine, ca",4786,5687,4119,465,51.990269,80.147115163589,23.833422726227877,45,-0.4642857142857143,-39,-0.4512195121951219,-37,-26,0.7657952479365868,0.7060785402875445,0.6392,1588000,-0.003451521807342317,0.08845850149148982,4.672,0,5,92602
202101,92603,"irvine, ca",5600,8724,-959,-2290,34.903456,45.5750517201747,24.231859627614742,80,0.30081300813008127,18.5,-0.11111111111111116,-10,9,0.4789273662332372,0.5957762529001369,0.6467,2980000,0.061442564559216484,0.09599117322545059,8.7673,0,6,92603
202101,92620,"irvine, ca",1262,3980,330,908,60.911041,87.97027047735806,33.8518121216765,36,-0.07692307692307687,-3,-0.4586466165413534,-30.5,-35,0.4763904267506458,1.1896378911799297,0.7964,1258000,0.10399297937691965,0.19866603144354444,3.7011,0,2,92620
202012,92602,"irvine, ca",4786,9806,269,-3941,27.055281,36.55196225112211,17.558598994897764,84,0.0980392156862746,7.5,0.25373134328358216,17,20,0.1624626910393201,0.5934325478215323,0.5563,1593500,0.020627107625400765,0.13690927628072624,4.6729,1,5,92602
202012,92618,"irvine, ca",4109,8294,766,-200,37.530211,68.46971266352094,6.590708558714082,52.5,0.03960396039603964,2,-0.26573426573426573,-19,-11.5,0.22786125740402619,0.5648520717567347,0.3477,1150000,0.008218294164783257,0.08547502274778096,3.3724,0,1,92618
202012,92612,"irvine, ca",2307,8217,153,-1641,38.030844,64.27667165381517,11.785015536885718,55.5,0.14432989690721643,7,-0.18382352941176472,-12.5,-8.5,0.11592844465615149,0.4966397844398984,0.4596,734500,0.02013888888888893,-0.0322793148880105,2.1539,0,3,92612
202012,92603,"irvine, ca",5600,7765,-55,-1325,40.90229,57.125867955652744,24.678712548432884,61.5,0.2178217821782178,11,-0.2264150943396226,-18,-2.5,0.13544450578890888,0.6938832223737754,0.672,2807500,0.22224640835872878,0.10184458398744112,8.2329,0,6,92603
202012,92620,"irvine, ca",1262,4310,3008,1707,59.897572,84.72014424367975,35.07499904093298,39,-0.17021276595744683,-8,-0.42647058823529416,-29,-25,0.42153548712459976,1.3977511089085817,0.8289,1139500,0.05144175317185695,0.08544484663745466,3.3416,0,2,92620
202011,92602,"irvine, ca",4786,10075,-1665,-4043,25.022896,35.93451881248569,14.111272227734107,76.5,0.6630434782608696,30.5,0.41666666666666674,22.5,20,0.01855832076420305,0.5326797385620914,0.5124,1561295,-0.016816750629722876,0.15747509044540653,4.4704,1,5,92602
202011,92603,"irvine, ca",5600,7710,938,505,40.694879,60.24192932916126,21.147828741509578,50.5,-0.028846153846153855,-1.5,-0.4325842696629213,-38.5,-6,0.07745397304999946,0.6040059820106753,0.6337,2297000,0.12103465104929234,-0.04211843202668886,6.577,0,6,92603
202011,92620,"irvine, ca",1262,7318,85,254,42.950088,65.34763031366863,20.55254521865222,47,0.2702702702702702,10,-0.28787878787878785,-19,-9.5,0.266304768295903,0.9717107732139167,0.6243,1083750,-0.0877525252525253,0.03214285714285725,3.1031,0,2,92620
202011,92618,"irvine, ca",4109,9060,-848,-428,32.318935,60.24192932916126,4.395939861100511,50.5,0.3648648648648649,13.5,-0.23484848484848486,-15.5,-6,0.16097997995817348,0.39279132454835475,0.3032,1140626,0.0014275680421422798,0.08631047619047627,3.2659,0,1,92618
202011,92612,"irvine, ca",2307,8370,724,-498,36.600397,62.985575822330766,10.215217889033045,48.5,-0.010204081632653073,-0.5,-0.2421875,-15.5,-8,0.14490063411388387,0.6143113546193084,0.4409,720000,-0.013698630136986356,-0.0513833992094862,2.0616,0,3,92612
202010,92620,"irvine, ca",1262,7403,-942,229,42.005196,71.74052181770266,12.269869357328414,37,0.19354838709677424,6,-0.36752136752136755,-21.5,-14,-0.08662585791133359,0.7322941398339984,0.4703,1188000,0.09166092350103372,0.10255220417633404,3.3943,0,2,92620
202010,92612,"irvine, ca",2307,9094,-108,-521,31.994277,56.616844245322085,7.371710402469786,49,-0.010101010101010055,-0.5,-0.274074074074074,-18.5,-2,-0.14871871343687637,0.4661279533952434,0.3673,730000,-0.03883501537205647,0.004126547455295837,2.0857,0,3,92612
202010,92603,"irvine, ca",5600,8648,-1004,163,35.009977,52.54696735815669,17.47298670983773,52,0.1685393258426966,7.5,-0.39534883720930236,-34,1,-0.06537021146010313,0.6756298918467223,0.561,2049000,0.01410541945063093,-0.038028169014084456,5.8543,0,6,92603
202010,92602,"irvine, ca",4786,8410,-837,-1387,36.27499,59.7191370806822,12.830842212266106,46,0.05747126436781613,2.5,-0.22033898305084743,-13,-5,-0.1898220400809817,0.5167381236022939,0.4798,1588000,0.07697524584604953,0.18975507003858838,4.5371,0,5,92602
202010,92618,"irvine, ca",4109,8212,210,-178,37.391288,71.74052181770266,3.0420541395278793,37,-0.07499999999999996,-3,-0.30841121495327106,-16.5,-14,-0.18276291484926,0.35964113308856627,0.2491,1139000,0.03933314779244368,0.09547565668427693,3.2543,0,1,92618
202009,92602,"irvine, ca",4786,7573,-706,135,41.458491,64.3811320754717,18.535849056603773,43.5,0.20833333333333326,7.5,-0.30400000000000005,-19,-7.5,0.1616863598353866,0.948120503397953,0.5679,1474500,0.17959999999999998,0.13292354975028808,4.2129,0,5,92602
202009,92618,"irvine, ca",4109,8422,-72,-718,36.777358,69.17358490566038,4.381132075471698,40,-0.04761904761904767,-2,-0.23076923076923073,-12,-11,-0.02975032931897459,0.45517084796649243,0.2923,1095895,-0.0019171220400728828,0.0831407086864433,3.1311,0,1,92618
202009,92603,"irvine, ca",5600,7644,279,1336,41.115094,63.20377358490566,19.026415094339622,44.5,-0.12745098039215685,-6.5,-0.4506172839506173,-36.5,-6.5,-0.0857308692025408,0.9180339753575824,0.5755,2020500,-0.07103448275862068,0.01550888529886918,5.7729,0,6,92603
202009,92612,"irvine, ca",2307,8986,-115,-135,33.249057,56.781132075471696,9.716981132075473,49.5,0.010204081632652962,0.5,-0.28260869565217395,-19.5,-1.5,0.08916680201396798,0.7319060974055567,0.4138,759495,0.023578167115902993,-0.011598204077079677,2.17,0,3,92612
202009,92620,"irvine, ca",1262,6461,-1074,1333,47.426415,80.82641509433962,14.026415094339622,31,0.14814814814814814,4,-0.4608695652173913,-26.5,-20,-0.12830463254911473,1.0129597627763554,0.4937,1088250,0.04841040462427748,0.02898905059204604,3.1093,0,2,92620
202008,92603,"irvine, ca",5600,7923,124,929,39.225809,57.22006858506038,21.23154912777695,51,-0.10526315789473684,-6,-0.27142857142857146,-19,-2,0.018358968014491772,1.3303692076155644,0.6124,2175000,0.023553495376361866,0.12569316081330872,6.2143,0,6,92603
202008,92602,"irvine, ca",4786,6867,767,434,44.785299,76.4947070225138,13.075890860295214,36,-0.18181818181818177,-8,-0.33333333333333337,-18,-17,0.061353528693952386,0.794932522549914,0.4756,1250000,-0.05944319036869827,-0.0052296498408368475,3.5714,0,5,92602
202008,92620,"irvine, ca",1262,5387,813,2736,52.305427,87.14402862680781,17.46682570448785,27,-0.28,-10.5,-0.5263157894736843,-30,-26,0.012983744618206172,1.503113449249097,0.551,1038000,-0.09344978165938866,-0.018988367194841427,2.9657,0,2,92620
202008,92618,"irvine, ca",4109,8350,38,-717,36.860743,69.20754435664232,4.513940659012972,42,-0.06666666666666665,-3,-0.16000000000000003,-8,-11,-0.041484156195790156,0.5221077864184349,0.2931,1098000,0.026272290227560502,0.07755312164447559,3.1372,0,1,92618
202008,92612,"irvine, ca",2307,8871,-1073,-1128,33.785597,60.071567019531834,7.499627255106605,49,0.11363636363636354,5,-0.125,-7,-4,-0.11092019346884274,0.524164044072063,0.3696,742000,-0.00402016120913562,-0.02105282997530955,2.12,0,3,92612
202007,92602,"irvine, ca",4786,7634,-1450,-236,41.257984,69.88383819519666,12.632129384080978,44,0.1578947368421053,6,-0.10204081632653061,-5,-13.5,-0.06398119053489171,0.7995794077635043,0.4819,1329000,-0.039323406100910785,0.06407637330105076,3.808,0,5,92602
202007,92618,"irvine, ca",4109,8388,344,-350,37.151234,68.76330631606469,5.539162589175662,45,-0.1964285714285714,-11,-0.0625,-3,-12.5,0.042846141765108925,0.7180167759525453,0.3288,1069891.5,0.01899280918138957,0.0441072709440371,3.0656,0,1,92618
202007,92620,"irvine, ca",1262,6200,-575,747,48.509693,78.0450453815411,18.974339819967877,37.5,0.171875,5.5,-0.07407407407407407,-3,-20,0.12877178801970968,1.6869062277494309,0.585,1145000,0.004826678367705117,0.11381322957198448,3.2808,0,2,92620
202007,92603,"irvine, ca",5600,8047,617,1002,39.089755,55.33559929780002,22.843909909236917,57,-0.3090909090909091,-25.5,-0.16176470588235292,-11,-0.5,0.030759200911164797,1.310852567401248,0.6468,2124950,0.10476312281511713,0.06918735823499933,6.0887,0,6,92603
202007,92612,"irvine, ca",2307,7798,-530,216,40.333545,69.88383819519666,10.783251783513242,44,-0.011235955056179803,-0.5,-0.12871287128712872,-6.5,-13.5,0.015322121030458824,0.9694420552556533,0.4471,744995,-0.03871612903225807,-0.019098090849242966,2.1347,0,3,92612
202006,92602,"irvine, ca",4786,6184,-1302,2669,49.338723,81.00365099470979,17.673794799195292,38,0,0,-0.35593220338983056,-21,-30.5,-0.12196920179100346,1.175280545164994,0.5685,1383400,-0.010443490701001479,0.07406832298136656,4.0397,0,5,92602
202006,92603,"irvine, ca",5600,8664,-1532,106,35.410923,45.123314209075325,25.698532151106473,82.5,0.21323529411764697,14.5,0.3306451612903225,20.5,14,-0.028952127917403758,1.3918194245660391,0.6929,1923444,0.09410921501706482,-0.07969186602870815,5.6167,1,6,92603
202006,92620,"irvine, ca",1262,5625,-358,739,52.23344,86.60308471797929,17.863795544296252,32,-0.34693877551020413,-17,-0.11111111111111116,-4,-36.5,-0.19989077944142686,1.2352875076356202,0.5723,1139500,0.03779599271402545,0.08535386631716912,3.3275,0,2,92620
202006,92618,"irvine, ca",4109,8732,-567,-368,34.988078,64.02280008941212,5.953356679830117,56,0,0,0.1428571428571428,7,-12.5,0.060982132214087104,0.6819186740092882,0.3482,1049950,-0.004786729857819916,0.03955445544554448,3.066,0,1,92618
202006,92612,"irvine, ca",2307,7268,201,1976,43.541837,74.60323373817153,12.480441099769019,44.5,-0.2192982456140351,-12.5,-0.2583333333333333,-15.5,-24,-0.022291944469351566,1.0530725161398284,0.4863,775000,0,0.027851458885941538,2.2631,0,3,92612
202005,92612,"irvine, ca",2307,7469,-875,1222,42.691579,70.2202741354333,15.162883993908101,57,0.17525773195876293,8.5,0.06542056074766345,3.5,-14,-0.01262540534292178,0.9055247184081541,0.5368,775000,-0.027603513174404015,0.019736842105263053,2.3485,0,3,92612
202005,92620,"irvine, ca",1262,5267,-191,1157,54.869804,78.45548085137996,31.284127632703097,49,0.2098765432098766,8.5,0.32432432432432434,12,-22,0.2056959526868447,1.3058625281999738,0.772,1098000,-0.045217391304347876,0.019972131908964297,3.3273,1,2,92620
202005,92602,"irvine, ca",4786,4882,1014,4040,56.883102,87.50789346606737,26.25831135544742,38,-0.3504273504273504,-20.5,-0.33333333333333337,-19,-33,-0.088071716295969,1.3912477813877304,0.6988,1398000,-0.04718674730820038,0.08037094281298307,4.2364,0,5,92602
202005,92618,"irvine, ca",4109,8165,-731,708,38.609264,71.52408900115151,5.694439285316296,56,0.21739130434782616,10,0.06666666666666665,3.5,-15,-0.04636693299583328,0.441502454497706,0.3542,1055000,-0.040032029263099456,0.046113267790122814,3.197,0,1,92618
202005,92603,"irvine, ca",5600,7132,-1628,836,44.708592,58.30764087515322,31.109542736153934,68,0.17241379310344818,10,0.3076923076923077,16,-3,-0.05764262865052516,1.2284842680288035,0.7701,1758000,-0.011526567332021398,-0.16682464454976298,5.3273,1,6,92603
202004,92620,"irvine, ca",1262,5076,-36,1285,56.511245,81.27081540246229,31.75167458743405,40.5,0.19117647058823528,6.5,0.08000000000000007,3,-21.5,0.17694009179307013,0.8139417837570677,0.7881,1150000,-0.008620689655172376,0.07268971950163228,3.5823,0,2,92620
202004,92602,"irvine, ca",4786,5896,-566,1421,51.966471,61.864311641657,42.06863001908469,58.5,0.4444444444444444,18,0.3448275862068966,15,-3.5,0.31523533295666883,1.3731008492032144,0.9432,1467234,-0.013414614465997454,0.17378720000000003,4.5705,1,5,92602
202004,92618,"irvine, ca",4109,7434,281,1421,42.927441,75.4181790966583,10.43670246604049,46,0,0,-0.1636363636363637,-9,-16,0.08596192273252679,0.5107005558236941,0.4571,1098995,-0.011977689833303051,0.10327017191617527,3.4234,0,1,92618
202004,92612,"irvine, ca",2307,6594,105,1558,47.979269,72.4282453317367,23.530292257605808,48.5,0,0,-0.030000000000000027,-1.5,-13.5,0.06834146677008679,0.8514864972822112,0.6691,797000,0.005056810300255954,0.07267833109017507,2.4827,0,3,92612
202004,92603,"irvine, ca",5600,5504,247,1845,54.011526,62.320847210268305,45.70220409385174,58,0.10476190476190483,5.5,0.18367346938775508,9,-4,0.22149122983960434,1.1674841013624522,1.0059,1778500,-0.15248987371932332,-0.17675648867581417,5.5401,1,6,92603
202003,92618,"irvine, ca",4109,7715,-649,583,41.836849,71.51731577576908,12.156381356247442,46,0.022222222222222143,1,-0.1636363636363637,-9,-12.5,-0.11152180889339092,0.40697976871327635,0.4699,1112318,-0.031081881533101097,0.10780921648889019,3.476,0,1,92618
202003,92602,"irvine, ca",4786,5330,114,911,55.687609,77.34255849421568,34.03266004538184,40.5,-0.3017241379310345,-17.5,-0.012195121951219523,-0.5,-18,-0.15258382642998025,0.7023280774545944,0.8005,1487184,-0.0051548943400517855,0.17015545439217683,4.6475,0,5,92602
202003,92603,"irvine, ca",5600,5751,782,2495,53.169289,64.44965219655543,41.88892608711826,52.5,-0.35185185185185186,-28.5,-0.21641791044776115,-14.5,-6,-0.10814539761908182,0.7778956624426376,0.9192,2098500,-0.2224898110411263,-0.06017274472168899,6.5578,0,6,92603
202003,92612,"irvine, ca",2307,6699,1996,1295,47.996875,68.72372875051147,27.270021946955325,48.5,-0.44252873563218387,-38.5,-0.1339285714285714,-7.5,-10,0.06190707298449838,0.692614018562268,0.6991,792990,0,0.08331967213114755,2.4781,0,3,92612
202003,92620,"irvine, ca",1262,5040,-1467,545,57.292713,83.97872261280364,30.606703120931446,34,-0.02857142857142858,-1,-0.05555555555555558,-2,-24.5,-0.29226113126500264,0.45502029688730583,0.7475,1160000,-0.03252710592160135,0.06757822771496191,3.625,0,2,92620
202002,92603,"irvine, ca",5600,6533,-99,360,49.039565,55.53499389318628,42.54413560827566,81,-0.09999999999999998,-9,0.2857142857142858,18,2,-0.013611407794293817,1.0189009648426444,0.9162,2699000,-0.007355645457888915,0.22181982797645983,8.7093,1,6,92603
202002,92612,"irvine, ca",2307,8695,-2097,-1648,36.06166,51.68214959843074,20.441171027795253,87,0.19178082191780832,14,0.5535714285714286,31,8,-0.1197292461675531,0.5325805831345041,0.5852,792990,0.044163539403515806,0.06800863037277072,2.5589,1,3,92612
202002,92620,"irvine, ca",1262,3573,1315,1444,65.601984,87.27191976016877,43.93204781820201,35,-0.4736842105263158,-31.5,0.11111111111111116,3.5,-44,0.12625978004749694,1.0158998181881986,0.9388,1199000,0.14244878513577897,0.06672597864768681,3.869,0,2,92620
202002,92602,"irvine, ca",4786,5444,708,-203,54.818831,71.7236019097672,37.91406047596136,58,-0.29268292682926833,-24,0.7575757575757576,25,-21,-0.022066907941452718,0.8705999908511828,0.8397,1494890,0.024638368573433933,0.16388196823419499,4.8238,1,5,92602
202002,92618,"irvine, ca",4109,7066,721,184,46.16011,79.59213886524297,12.728080239831229,45,-0.4,-30,-0.09999999999999998,-5,-34,-0.07946991618392829,0.4964414618641122,0.4701,1148000,-0.0008703220191470518,0.1417943477201411,3.7044,0,1,92618
202001,92620,"irvine, ca",1262,4888,1129,-2,57.927328,76.2719428741446,39.58271347813151,66.5,-0.022058823529411797,-1.5,0.2666666666666666,14,-18.5,0.6167133374805489,0.6205148512111278,0.8766,1049500,-0.0002857687178510204,-0.06503340757238307,3.4995,1,2,92620
202001,92602,"irvine, ca",4786,6152,-287,208,51.123178,61.01978577804225,41.22656947337102,82,0.22388059701492535,15,0.2713178294573644,17.5,-3,0.6492063843535183,0.9372073355666333,0.903,1458944,0.0409080434101714,0.13589535970102773,4.8648,1,5,92602
202001,92603,"irvine, ca",5600,6434,6,-398,49.637385,53.127789348408214,46.14698006545671,90,0.13207547169811318,10.5,0.3740458015267176,24.5,5,0.569850565340307,0.9255210071806983,0.9768,2719000,0.0671114599686029,0.22284686305374413,9.0664,1,6,92603
202001,92612,"irvine, ca",2307,6598,-22,720,48.804299,69.93454329068729,27.67405534067242,73,0.07352941176470584,5,-0.020134228187919434,-1.5,-12,0.4517674378905594,0.5503663325713617,0.6992,759450,0.0005928853754941787,0.00590203365854558,2.5323,0,3,92612
202001,92618,"irvine, ca",4109,7787,307,-836,42.03734,67.80348110681345,16.27119904790241,75,0.04895104895104896,3.5,0.2195121951219512,13.5,-10,0.5412015230668745,0.4797814371643827,0.5371,1149000,0.08453113142365232,0.12002277087199964,3.8313,1,1,92618
201912,92603,"irvine, ca",5600,6440,1775,161,49.06038,57.233403758478815,40.887356833092404,79.5,-0.1067415730337079,-9.5,0.07432432432432434,5.5,0.5,0.07519795666568219,0.418414630998712,0.914,2548000,0.06255212677231037,0.1581818181818182,8.4947,0,6,92603
201912,92620,"irvine, ca",1262,6017,1555,-1674,51.449275,69.80243893398568,33.09611179065199,68,0.030303030303030276,2,0.44680851063829796,21,-11,0.1689523670975519,0.25740664413486103,0.7964,1049800,-0.00019047619047618536,-0.07750439367311068,3.4999,1,2,92620
201912,92602,"irvine, ca",4786,5865,167,697,52.314763,70.95148078134845,33.67804588754216,67,0.2407407407407407,13,-0.05633802816901412,-4,-12,0.11814147126978503,0.32361047546402255,0.8042,1401607,0.03908946681691483,0.15021488460569477,4.6728,0,5,92602
201912,92612,"irvine, ca",2307,6576,1296,583,48.393195,69.80243893398568,26.983950480002967,68,0.0625,4,-0.02857142857142858,-2,-11,0.20366702654858648,0.3789767644681661,0.7074,759000,0,0.028455284552845628,2.5304,0,3,92612
201912,92618,"irvine, ca",4109,8094,538,-1320,39.732755,65.72148708254568,13.74402312910041,71.5,0.08333333333333326,5.5,0.23275862068965525,13.5,-7.5,0.09285378338765793,0.20143972407662503,0.5119,1059444,0.008994285714285732,0.023617391304347812,3.5321,1,1,92618
201911,92618,"irvine, ca",4109,8632,-598,-2149,35.341822,60.04917250743092,10.63447212946314,66,0.23364485981308403,12.5,0.4042553191489362,19,-3,0.13334719108430892,0.06490929031231385,0.4776,1050000,0.009876593080325513,-0.04109589041095896,3.3882,1,1,92618
201911,92612,"irvine, ca",2307,7872,701,-434,40.484753,62.66925984367546,18.300245862537153,64,-0.051851851851851816,-3.5,0.07563025210084029,4.5,-5,0.03980611839910542,0.29082646975291104,0.5992,759000,0.044016506189821225,0.03195105370496254,2.4492,0,3,92612
201911,92603,"irvine, ca",5600,8215,596,-1322,38.415104,40.25173388132546,36.5784741844336,89,0.03488372093023262,3,0.435483870967742,27,20,0.125565680290322,0.4908838455488185,0.8667,2398000,0.12582159624413136,0.2225337751720622,7.738,1,6,92603
201911,92620,"irvine, ca",1262,7572,60,-2555,42.317713,60.04917250743092,24.586253715459982,66,0.1282051282051282,7.5,0.5172413793103448,22.5,-3,0.1125426503539475,0.15367930616872427,0.6947,1050000,-0.025522041763341052,-0.07647166439156194,3.3882,1,2,92620
201911,92602,"irvine, ca",4786,6032,991,113,51.03299,74.62111482147445,27.444864408645554,54,-0.0847457627118644,-5,0.11340206185567014,5.5,-15,0.007964154119216804,0.42759769118303304,0.7334,1348880,0.010602530776858465,0.12500417014178478,4.3526,0,5,92602
201910,92602,"irvine, ca",4786,7023,685,-1357,45.069185,64.93520755545794,25.203162749835272,59,-0.05600000000000005,-3.5,0.34090909090909083,15,-7,0.04060435388200179,0.2604752420932104,0.7198,1334728.5,0.025530925854782893,0.11335370309199932,4.2579,1,5,92602
201910,92618,"irvine, ca",4109,8034,-330,-1359,38.875467,71.04839300095175,6.702540449520463,53.5,0.028846153846153744,1.5,0.15053763440860224,7,-12.5,-0.1253430385067631,-0.09320557028451393,0.4169,1039731,0.027630358915100794,-0.07538372610048916,3.3168,0,1,92618
201910,92620,"irvine, ca",1262,7632,162,-2036,41.789296,65.35617541547698,18.222417453693534,58.5,0.017391304347825987,1,0.5194805194805194,20,-7.5,0.061358665429097625,0.17503246194227962,0.6177,1077500,0.01882444476262779,-0.05767138574342079,3.4373,1,2,92620
201910,92603,"irvine, ca",5600,8811,169,-1857,33.673768,39.19759865290285,28.14993776996852,86,0.06172839506172845,5,0.4453781512605042,26.5,20,0.06983749664736649,0.30413707468439144,0.7618,2130000,0.07054388799138378,0.12282551396942543,6.7949,1,6,92603
201910,92612,"irvine, ca",2307,8573,278,-1428,35.456476,55.743465846694484,15.169485321033752,67.5,-0.021739130434782594,-1.5,0.29807692307692313,15.5,1.5,0.005600669021869287,0.23018376461452172,0.5701,727000,-0.05388698327709451,-0.03060204013600909,2.3192,1,3,92612
201909,92620,"irvine, ca",1262,7794,329,-2563,40.014244,65.6305927900946,14.397896197815843,57.5,0.00877192982456143,0.5,0.6428571428571428,22.5,-8.5,0.08395231651575963,0.07354488398959536,0.5562,1057591.4285714286,-0.0004725489560718499,-0.028663272803610695,3.3585,1,2,92620
201909,92602,"irvine, ca",4786,7708,-407,-2133,40.447058,59.79400270280142,21.100113225464774,62.5,0.15740740740740744,8.5,0.6025641025641026,23.5,-3.5,0.07033862876254182,0.2612790797126239,0.661,1301500,0.03575488858572062,0.08380028762552394,4.1331,1,5,92602
201909,92612,"irvine, ca",2307,8851,-1108,-3322,33.018007,52.613316775630956,13.422696227035319,69,0.2321428571428572,13,0.8648648648648649,32,3,-0.04147870365865991,0.06930385028227559,0.5418,768407.1428571428,0.01378705920048251,0.012394127611518924,2.4402,1,3,92612
201909,92603,"irvine, ca",5600,8980,-128,-2138,32.216297,42.002994996164944,22.42959932795208,81,0.15714285714285725,11,0.42105263157894735,24,15,0.11081693924980529,0.17749872777805753,0.6805,1989642.8571428573,0.02975970425138641,0.07548262548262552,6.3183,1,6,92603
201909,92618,"irvine, ca",4109,7704,-71,-1953,40.492713,72.40951093904087,8.575915847912635,52,0.040000000000000036,2,0.5757575757575757,19,-14,0.014880541743451214,0.03722099229601361,0.4555,1011775.2857142857,-0.00706592210914414,-0.12019540372670812,3.213,1,1,92618
201908,92620,"irvine, ca",1262,8123,-1176,-2650,37.114116,63.469038160148706,10.759193789408462,57,0.40740740740740744,16.5,0.6056338028169015,21.5,-7,0.08736275331032295,-0.08006700652309151,0.5024,1058091.4285714286,0.02927181767648701,-0.02028571428571424,3.3299,1,2,92620
201908,92602,"irvine, ca",4786,7301,97,-2285,42.045413,67.34336844407187,16.747457812443052,54,0.1020408163265305,5,0.6119402985074627,20.5,-10,0.06410125762354668,0.0286492919121748,0.6047,1256571.4285714286,0.006085755085030842,0.025863456944087426,3.9545,1,5,92602
201908,92618,"irvine, ca",4109,7633,405,-844,39.949703,72.4022305645661,7.497175347158946,50,0.04166666666666674,2,0.16279069767441867,7,-14,0.08188547116415812,-0.03949335741198423,0.4394,1018975.2857142857,-0.005581870005918144,-0.13710513708904737,3.2068,1,1,92618
201908,92603,"irvine, ca",5600,8852,197,-1436,32.160951,47.93162517767978,16.390275904800085,70,0.02941176470588225,2,0.30841121495327095,16.5,6,0.009830299886363747,0.1760892613437013,0.5998,1932142.857142857,-0.027825258400811737,-0.023649553932371448,6.0806,1,6,92603
201908,92612,"irvine, ca",2307,7743,271,-2435,39.293655,65.01439661770601,13.572912490432628,56,0.10891089108910901,5.5,0.8064516129032258,25,-8,0.14882067207342775,0.06184816794002135,0.5535,757957.1428571428,-0.0020314116429982487,-0.011789905010244017,2.3853,1,3,92612
201907,92603,"irvine, ca",5600,9049,-279,-2473,31.89898,45.59087085329725,18.207088255733147,68,0.09677419354838701,6,0.5280898876404494,23.5,8.5,0.06687458714081251,0.06779787999142073,0.6023,1987444,-0.04906985645933015,-0.0020366557870951096,6.1762,1,6,92603
201907,92620,"irvine, ca",1262,6947,-583,-2047,45.089792,80.14337441937018,10.036209355912366,40.5,0.125,4.5,0.47272727272727266,13,-19,-0.06095365343457915,-0.17740968305334892,0.4685,1028000,-0.020847938065774674,-0.07678491243825769,3.1946,1,2,92620
201907,92602,"irvine, ca",4786,7398,1455,-3140,42.593541,68.70633846604002,16.48074320617388,49,-0.1694915254237288,-10,0.7818181818181817,21.5,-10.5,0.13143298781596657,-0.13369455707822497,0.5763,1248970.5,-0.030302406832298123,-0.04767784979031642,3.8813,1,5,92602
201907,92612,"irvine, ca",2307,8014,1230,-2664,38.932373,66.77883032807871,11.08591492630116,50.5,-0.15833333333333333,-9.5,0.4027777777777777,14.5,-9,0.058436797444055166,-0.1946942821449732,0.4885,759500,0.007294429708222916,-0.08162031438935913,2.3602,1,3,92612
201907,92618,"irvine, ca",4109,8038,326,-2015,38.749497,70.11082257415603,7.38817161040196,48,-0.020408163265306145,-1,0.4545454545454546,15,-11.5,0.02093438463706976,-0.13160715665922673,0.4119,1024695,0.014549504950495118,-0.10818537859007837,3.1843,1,1,92618
201906,92602,"irvine, ca",4786,8853,69,-3683,33.485702,51.16287574051049,15.80852775543041,59,0.03508771929824572,2,0.5945945945945945,22,2,-0.03479613106726509,-0.25602409638554213,0.5365,1288000,-0.004636785162287493,-0.030850263355906682,3.9643,1,5,92602
201906,92603,"irvine, ca",5600,8770,-802,-2323,34.089081,48.68353689753529,19.494624442331602,62,0.1923076923076923,10,0.44186046511627897,19,5,-0.09526409719181395,-0.020967602404948327,0.5947,2090000,-0.009478672985781977,-0.11365564037319764,6.4327,1,6,92603
201906,92618,"irvine, ca",4109,8364,509,-3036,36.915819,64.71147517004316,9.120163826519418,49,-0.06666666666666665,-3.5,0.8846153846153846,23,-8,-0.09067639749841439,-0.226533766166491,0.425,1010000,0.0014923227185061894,-0.11325724319578578,3.1086,1,1,92618
201906,92620,"irvine, ca",1262,6364,60,-1611,48.694507,82.51298178892709,14.87603305785124,36,-0.027027027027026973,-1,0.3846153846153846,10,-21,-0.17462882790196732,-0.1748049219687875,0.5256,1049888,-0.024720854621458455,-0.04555636363636362,3.2314,1,2,92620
201906,92612,"irvine, ca",2307,9244,-553,-4132,30.903971,49.51364002047832,12.29430264023989,60,0.12149532710280364,6.5,0.7142857142857142,25,3,-0.09255671557899514,-0.28848220637875965,0.4862,754000,-0.007894736842105288,-0.08606060606060606,2.3207,1,3,92612
201905,92602,"irvine, ca",4786,8922,-1605,-4856,33.948869,53.64355343020048,14.254184292808533,57,0.31034482758620685,13.5,1.150943396226415,30.5,1.5,-0.09499224575775289,-0.32943583648229835,0.5074,1294000,0.0351999999999999,-0.018822830036456684,3.9883,1,5,92602
201905,92603,"irvine, ca",5600,7968,-619,-2068,40.005518,59.588008092698175,20.423027404818832,52,0.061224489795918435,3,0.31645569620253156,12.5,-3.5,-0.08343772064928079,-0.0686344467968929,0.6001,2110000,-0.023309637956686946,-0.1764066661878636,6.5033,1,6,92603
201905,92620,"irvine, ca",1262,6424,-63,-2734,49.258782,79.27901416222181,19.2385506713261,37,-0.013333333333333308,-0.5,0.8500000000000001,17,-18.5,-0.051520964351357335,-0.22224889803350534,0.5813,1076500,0.0041308548204410656,-0.05895126171776144,3.3179,1,2,92620
201905,92618,"irvine, ca",4109,8873,-18,-3551,34.221078,58.833915762368946,9.608239838146035,52.5,-0.045454545454545414,-2.5,1.0588235294117645,27,-3,-0.0005885873589807078,-0.21289777674609234,0.4266,1008495,0.012418120215836437,-0.20684624459300038,3.1083,1,1,92618
201905,92612,"irvine, ca",2307,8691,-539,-4437,35.381644,57.631046533014526,13.13224204524554,53.5,0.07000000000000006,3.5,0.8448275862068966,24.5,-2,-0.04062607422156539,-0.35674318743804445,0.4891,760000,0.02288021534320328,-0.11421911421911424,2.3424,1,3,92612
201904,92602,"irvine, ca",4786,7317,-1076,-2471,44.680302,73.03482587064677,16.325778514833242,43.5,0.060975609756097615,2.5,0.3181818181818181,10.5,-15,-0.05652469994933962,-0.2576415722540417,0.5365,1250000,-0.01646715000281007,-0.12194436639505479,3.936,1,5,92602
201904,92620,"irvine, ca",1262,6361,-776,-2872,49.786254,80.02579694121982,19.546710889994472,37.5,0.04166666666666674,1.5,0.6304347826086956,14.5,-21,-0.0559389848595776,-0.31479194969253144,0.5865,1072071.4285714286,-0.013344727846437032,-0.0248967400145631,3.3758,1,2,92620
201904,92612,"irvine, ca",2307,8152,-158,-4399,39.520914,65.89275843007186,13.149069467477428,50,-0.1071428571428571,-6,0.7543859649122806,21.5,-8.5,-0.02333085014619063,-0.43707820232248173,0.4878,743000,0.015027322404371546,-0.12018946121965657,2.3396,1,3,92612
201904,92618,"irvine, ca",4109,8855,-557,-4744,34.632394,60.6707204717155,8.59406670351944,55,0,0,1.5,33,-3.5,0.011402590002059787,-0.4418226166644138,0.4085,996125,-0.007912794924656685,-0.22147323173114497,3.1366,1,1,92618
201904,92603,"irvine, ca",5600,7349,897,-2280,44.551317,66.98360051593882,22.119034457342917,49,-0.26865671641791045,-18,0.16666666666666674,7,-9.5,0.0019376649076519037,-0.2339637298684658,0.6265,2160357.1428571427,-0.03246960972488799,-0.19057431889953436,6.8026,1,6,92603
201903,92603,"irvine, ca",5600,8246,-1353,-3506,38.848431,57.92416050608702,19.772702195740923,67,0.06349206349206349,4,0.558139534883721,24,2,0.012751285287688985,-0.27782801219892295,0.6144,2232857.1428571427,0.01079997413179834,-0.15705868165919334,7.2763,1,6,92603
201903,92618,"irvine, ca",4109,8298,-1048,-3730,38.495347,69.98786273860752,7.002832027658244,55,0.10000000000000009,5,0.44736842105263164,17,-10,-0.055028627490590565,-0.5131951308754703,0.3969,1004070,-0.001357621328081926,-0.2264483821263482,3.272,1,1,92618
201903,92602,"irvine, ca",4786,6241,-1000,-2252,50.182059,84.16271286181912,16.20140497995513,41,0.24242424242424243,8,0.24242424242424243,8,-24,-0.06881833911976687,-0.3566165870798351,0.5588,1270928.5714285714,-0.010488499354896152,-0.14634029323712294,4.1416,1,5,92602
201903,92620,"irvine, ca",1262,5585,-568,-1987,53.598882,87.66412887564825,19.533634925889146,36,0.1428571428571428,4.5,0.19999999999999996,6,-29,-0.019442780379230973,-0.32505813421875185,0.6105,1086571.4285714286,-0.03329944077275038,-0.09444834688604997,3.5408,0,2,92620
201902,92603,"irvine, ca",5600,6893,-857,-3619,47.90387,74.50973136979205,21.298009324354325,63,-0.03816793893129766,-2.5,0.75,27,-20,-0.05923470808608122,-0.3653546452186618,0.621,2209000,-0.006521250281088409,-0.09744637385086818,7.4003,1,6,92603
201903,92612,"irvine, ca",2307,7994,-947,-5564,40.286513,68.57184890948545,12.001176946559271,56,0,0,1.1538461538461537,30,-9,-0.038494220595180706,-0.5655537964859998,0.4908,732000,-0.014133447543010491,-0.09405940594059403,2.3854,1,3,92612
201902,92620,"irvine, ca",1262,5017,-131,-2471,57.988604,93.56915562791386,22.40805150595723,31.5,-0.4,-21,0.8529411764705883,14.5,-51.5,-0.09463720199693038,-0.3618418402874516,0.6372,1124000,0.0013363028953230494,-0.09318273497377971,3.7655,1,2,92620
201902,92602,"irvine, ca",4786,5241,1119,-1291,56.806409,92.77362539776512,20.839191889291794,33,-0.4883720930232558,-31.5,0.24528301886792447,6.5,-50,0.012754821391364413,-0.20440348938952158,0.6142,1284400,0,-0.24754194496698478,4.3028,1,5,92602
201902,92618,"irvine, ca",4109,7250,-299,-3949,45.976097,82.74994449789091,9.202249685488049,50,-0.1869918699186992,-11.5,0.9607843137254901,24.5,-33,-0.0897182648992304,-0.5151058319998948,0.4299,1005435,-0.019921588658234124,-0.21008283863749921,3.3683,1,1,92618
201902,92612,"irvine, ca",2307,7047,271,-4826,47.017687,79.23851106342042,14.796862280766668,56,-0.24832214765100669,-18.5,1.1960784313725492,30.5,-27,-0.10951361689719086,-0.5447862409723143,0.5225,742494,-0.016556422964950746,-0.11496595720334135,2.4874,1,3,92612
201901,92603,"irvine, ca",5600,6036,565,-1430,51.872348,79.35067330750783,24.394023242944108,65.5,-0.11486486486486491,-8.5,-0.1708860759493671,-13.5,-21.5,0.1564137716786429,-0.3511616484945346,0.6734,2223500,0.010681818181818237,-0.06575630252100839,7.6672,0,6,92603
201901,92602,"irvine, ca",4786,6360,202,-4039,50.293304,80.01844678103672,20.56816085593064,64.5,-0.09154929577464788,-6.5,0.1834862385321101,10,-22.5,0.12683180909696556,-0.49999320724105545,0.6187,1284400,0.05403012241488114,-0.12464475325259494,4.429,1,5,92602
201901,92620,"irvine, ca",1262,4886,-543,-3128,58.076001,88.6552296624239,27.496771813318578,52.5,0.11702127659574457,5.5,0.45833333333333326,16.5,-34.5,0.25445693428244764,-0.4230510350728922,0.718,1122500,-0.013620386643233728,-0.014832367912936628,3.8707,1,2,92620
201901,92618,"irvine, ca",4109,6951,-177,-4346,47.089098,82.37594539752813,11.802250507286479,61.5,0.06034482758620685,3.5,0.7826086956521738,27,-25.5,0.2513069066254592,-0.5165102931724833,0.4818,1025872,-0.008819323671497625,-0.2013104502804326,3.5375,1,1,92618
201901,92612,"irvine, ca",2307,7318,-159,-5384,44.932669,70.60320973990038,19.262128758531635,74.5,0.06428571428571428,4.5,1.0985915492957745,39,-12.5,0.2912777594584506,-0.49332098531938384,0.5986,754994,0.023027100271002743,-0.1115627206401506,2.6034,1,3,92612
201812,92620,"irvine, ca",1262,4343,674,-2532,60.82236,90.57697245350842,31.067747496607122,47,0.08045977011494254,3.5,0.06818181818181812,3,-34,0.07252189425583322,-0.37929799426934085,0.7772,1138000,0.0009288056403833345,0.034545454545454435,3.8973,0,2,92620
201812,92618,"irvine, ca",4109,6774,-291,-3881,47.443421,81.24931225470418,13.637530719289881,58,0.23404255319148937,11,0.11538461538461542,6,-23,-0.031337050406821776,-0.5036678586901449,0.5228,1035000,-0.0547945205479452,-0.19455252918287935,3.5445,1,1,92618
201812,92612,"irvine, ca",2307,7159,279,-3469,45.31783,69.80889850713422,20.826761544951033,70,0.17647058823529416,10.5,-0.02777777777777779,-2,-11,0.12672330576717505,-0.47463342470521697,0.6295,738000,0.003399048266485405,-0.14074943415206642,2.5274,1,3,92612
201812,92602,"irvine, ca",4786,6562,-417,-2665,48.591498,68.45908373986722,28.723911528445147,71,0.4639175257731958,22.5,-0.01388888888888884,-1,-10,0.2059863625974554,-0.3462597150259068,0.7456,1218561,0.016314428690575422,-0.18697558046437146,4.1732,1,5,92602
201812,92603,"irvine, ca",5600,6601,292,-1107,48.336573,64.84246047757033,31.83068627810586,74,0.19354838709677424,12,-0.12941176470588234,-11,-7,0.1301316479168635,-0.22329721362229105,0.7907,2200000,0.12159061942391025,0.002277904328018332,7.5342,0,6,92603
201811,92603,"irvine, ca",5600,6893,61,-525,47.247958,68.81751931739115,25.678397480499505,62,0.04201680672268915,2.5,-0.19480519480519476,-15,-9.5,-0.015421665449320998,-0.1562625415954334,0.7085,1961500,0.034001054296257216,-0.04317073170731711,6.5767,0,6,92603
201811,92602,"irvine, ca",4786,6145,-479,-584,51.232285,82.22433808181052,20.240231442487275,48.5,0.10227272727272729,4.5,-0.31690140845070425,-22.5,-23,-0.1100336817357569,-0.31246396905844553,0.6261,1199000,0.0001367993620478014,-0.1725327812284334,4.0201,1,5,92602
201811,92618,"irvine, ca",4109,6483,192,-3039,49.470832,83.8209982788296,15.120665030944448,47,0.010752688172043001,0.5,0.1325301204819278,5.5,-24.5,-0.0349291445212776,-0.3773304044999779,0.5466,1095000,-0.02623388172521124,-0.13393823200015187,3.6714,1,1,92618
201811,92612,"irvine, ca",2307,7438,-293,-2391,43.811111,71.28575090636102,16.336470502069066,59.5,0.14423076923076916,7.5,-0.14388489208633093,-10,-12,-0.00904371333020526,-0.4218116103459846,0.5658,735500,-0.019267951196746402,-0.1397157728522136,2.4661,1,3,92612
201811,92620,"irvine, ca",1262,5017,579,-2539,57.243564,87.02164280221189,27.465485040465815,43.5,0.1298701298701299,5,0.17567567567567566,6.5,-28,0.13313441826614536,-0.28993767350026645,0.7339,1136944,-0.005684580967673103,0.038779351301964304,3.8121,0,2,92620
201810,92618,"irvine, ca",4109,6675,-924,-3603,48.235337,80.97375816635643,15.496915945837438,46.5,0.40909090909090917,13.5,0.2567567567567568,9.5,-22,0.0004611098055338214,-0.3962755108895296,0.5492,1124500,-0.022173913043478266,0.18052413381863075,3.7609,1,1,92618
201810,92603,"irvine, ca",5600,6954,-112,-912,46.737107,67.87838972225263,25.595824665133765,59.5,0.04385964912280693,2.5,-0.13138686131386856,-9,-9,-0.03404916884492504,-0.13694969933862944,0.6979,1897000,0.025405405405405368,-0.0853423336547734,6.3445,0,6,92603
201810,92620,"irvine, ca",1262,5596,-365,-3038,54.301252,87.97401365013322,20.62849009087923,38.5,0.10000000000000009,3.5,0.11594202898550732,4,-30,-0.03031090437618633,-0.3633669613813344,0.6281,1143444,0.05018736223365172,0.14989722321669197,3.8242,0,2,92620
201810,92612,"irvine, ca",2307,7145,-1616,-3099,45.636702,75.54655279389759,15.726851344939597,52,0.4054054054054055,15,0,0,-16.5,-0.12590891039074947,-0.38828278189407106,0.5537,749950,-0.011923583662714066,-0.10023995200959812,2.5082,1,3,92612
201810,92602,"irvine, ca",4786,5666,-91,2,53.854155,83.2694623891383,24.438848133143544,44,0.1282051282051282,5,-0.2727272727272727,-16.5,-24.5,0.04126797415683292,-0.09239211410269554,0.6822,1198836,-0.0016912780516077364,-0.30218888879187655,4.0095,1,5,92602
201809,92603,"irvine, ca",5600,6842,574,-1435,46.445067,66.65818089246099,26.231952576644723,57,0.06542056074766345,3.5,-0.03389830508474578,-2,-8,0.10948729094220888,-0.07384547349801007,0.7125,1850000,-0.06515798324763111,-0.15447897623400364,6.1873,1,6,92603
201809,92620,"irvine, ca",1262,5231,242,-2340,55.642434,90.11528530385134,21.169582136233046,35,-0.014084507042253502,-0.5,0.12903225806451624,4,-30,-0.07114875755093597,-0.24303683737645998,0.6388,1088800,0.008148148148148238,0.10538071065989851,3.6415,0,2,92620
201809,92602,"irvine, ca",4786,5575,-559,-1230,53.734953,85.88573298905335,21.584172818852963,39,0.16417910447761197,5.5,-0.17021276595744683,-8,-26,-0.1270741818426936,-0.16155387698473866,0.6462,1200867,-0.01961357393695684,-0.2972659976007256,4.0163,1,5,92602
201809,92612,"irvine, ca",2307,5529,-221,-1354,54.051351,87.98778048514383,20.114921627813942,37,0.19354838709677424,6,-0.21276595744680848,-10,-28,-0.04816195865855555,-0.21360493655107282,0.6247,759000,-0.010430247718383301,-0.12355556992560035,2.5385,1,3,92612
201809,92618,"irvine, ca",4109,5751,1038,-2959,52.809397,90.8790049823617,14.739789795250392,33,-0.2325581395348837,-10,-0.02941176470588236,-1,-32,-0.06018147625408865,-0.38664144800827194,0.5415,1150000,-0.026149989838086807,0.2260127931769722,3.8462,0,1,92618
201808,92602,"irvine, ca",4786,5016,-758,-923,56.636377,88.14320122618787,25.129552587402383,33.5,0.21818181818181825,6,-0.06944444444444442,-2.5,-28.5,-0.10383770392184355,-0.02770808251349388,0.6912,1224891.5,-0.06603774304231791,-0.24340374934371045,4.0932,1,5,92602
201808,92618,"irvine, ca",4109,6789,-766,-3463,46.764835,78.72053134807679,14.809138019122692,43,0.303030303030303,10,0.34375,11,-19,-0.02186871093166387,-0.3099472537268255,0.538,1180880,0.027745865970409067,0.2430315789473685,3.9461,1,1,92618
201808,92603,"irvine, ca",5600,7416,-840,-1510,42.923874,67.04985037588497,18.79789796365229,53.5,0.202247191011236,9,-0.06140350877192979,-3.5,-8.5,-0.08315236877701748,-0.1429114567089016,0.5997,1978944,-0.006304795380366546,-0.06851306189691697,6.613,0,6,92603
201808,92612,"irvine, ca",2307,5308,42,-2048,54.961317,90.3255236844026,19.597109700021896,31,-0.13888888888888884,-5,-0.0461538461538461,-1.5,-31,-0.1287343294987504,-0.23370186165829965,0.6129,767000,-0.07255139056831927,-0.11534025374855827,2.5631,1,3,92612
201808,92620,"irvine, ca",1262,5473,-573,-2474,54.021604,86.2199839427779,21.823224582147287,35.5,0.290909090909091,8,0.290909090909091,8,-26.5,-0.027696497218877347,-0.19922455856491572,0.6422,1080000,-0.030085316569375853,0.05433330990370422,3.609,1,2,92620
201807,92620,"irvine, ca",1262,4900,,,57.463424,91.91660570592538,23.010241404535478,27.5,,,,,-32,,,0.6464,1113500,,,3.7129,0,2,92620
201807,92602,"irvine, ca",4786,4258,,,61.13387,91.91660570592538,30.351133869787855,27.5,,,,,-32,,,0.7549,1311500,,,4.3731,1,5,92602
201807,92603,"irvine, ca",5600,6576,,,48.141917,73.88807607900512,22.39575713240673,44.5,,,,,-15,,,0.6402,1991500,,,6.6405,0,6,92603
201807,92612,"irvine, ca",2307,5350,,,55,84.09656181419166,25.90343818580834,36,,,,,-23.5,,,0.6885,827000,,,2.7576,0,3,92612
201807,92618,"irvine, ca",4109,6023,,,51.327725,87.12143379663496,15.5340160936357,33,,,,,-26.5,,,0.5383,1149000,,,3.8313,0,1,92618
201806,92602,"irvine, ca",4786,5170,,,56.479151,79.16529860275072,33.79300280909124,37,,,,,-20,,,0.7851,1329000,,,4.43,0,5,92602
201806,92612,"irvine, ca",2307,5112,,,56.783773,82.36109591040093,31.20644996534238,35,,,,,-22,,,0.7439,825000,,,2.75,0,3,92612
201806,92618,"irvine, ca",4109,5328,,,55.596293,90.22655138448069,20.96603553318011,26,,,,,-31,,,0.5982,1139000,,,3.7967,0,1,92618
201806,92620,"irvine, ca",1262,4753,,,58.99274,90.22655138448069,27.758928897158075,26,,,,,-31,,,0.6934,1100000,,,3.6667,0,2,92620
201806,92603,"irvine, ca",5600,6447,,,48.765094,72.00394002407793,25.526248586333956,43,,,,,-14,,,0.6613,2358000,,,7.86,0,6,92603
201805,92602,"irvine, ca",4786,4066,,,64.363208,88.6469787797433,40.079438049354565,26.5,,,,,-30.5,,,0.8543,1318824,,,4.3975,0,5,92602
201805,92612,"irvine, ca",2307,4254,,,63.298518,86.27119267404656,40.32584310985253,29,,,,,-28,,,0.8584,858000,,,2.861,0,3,92612
201805,92603,"irvine, ca",5600,5900,,,53.444154,74.85565076679784,32.03265786473465,39.5,,,,,-17.5,,,0.7274,2561944,,,8.5427,0,6,92603
201805,92620,"irvine, ca",1262,3690,,,66.58637,93.79941892537971,39.373322055091755,20,,,,,-37,,,0.8438,1143936.5,,,3.8144,0,2,92620
201805,92618,"irvine, ca",4109,5322,,,56.925086,89.5480122099224,24.30215880254496,25.5,,,,,-31.5,,,0.612,1271500,,,4.2397,0,1,92618
201804,92603,"irvine, ca",5600,5069,,,58.607404,75.44797581299314,41.76683135461987,42,,,,,-17.5,,,0.8791,2669000,,,8.957,0,6,92603
201804,92612,"irvine, ca",2307,3753,,,66.814763,88.65865349163042,44.970872354546124,28.5,,,,,-31,,,0.9316,844500,,,2.8341,0,3,92612
201804,92618,"irvine, ca",4109,4111,,,64.665216,93.249022933412,36.08140992552172,22,,,,,-37.5,,,0.7867,1279500,,,4.2939,1,1,92618
201804,92620,"irvine, ca",1262,3489,,,68.335668,92.48949192537424,44.18184499668166,23,,,,,-36.5,,,0.9201,1099444,,,3.6897,1,2,92620
201804,92602,"irvine, ca",4786,4846,,,60.023228,84.62134060909963,35.425116141877446,33,,,,,-26.5,,,0.7769,1423600,,,4.7775,0,5,92602
201803,92602,"irvine, ca",4786,3989,,,65.725539,86.14444526246044,45.30663329161452,33,,,,,-32,,,0.9176,1488800,,,5.1516,0,5,92602
201803,92612,"irvine, ca",2307,2430,,,75.338659,91.40837811970846,59.26893911507031,26,,,,,-39,,,1.1937,808000,,,2.7958,0,3,92612
201803,92603,"irvine, ca",5600,4740,,,61.218067,78.1602002503129,44.27593315173379,43,,,,,-22,,,0.8989,2648888,,,9.1657,0,6,92603
201803,92618,"irvine, ca",4109,4568,,,62.270853,82.31981152911729,42.22189501582861,38,,,,,-27,,,0.8614,1298000,,,4.4913,0,1,92618
201803,92620,"irvine, ca",1262,3598,,,68.103512,88.8132224103659,47.393801074873004,30,,,,,-35,,,0.9556,1199900,,,4.1519,0,2,92620
201802,92603,"irvine, ca",5600,3274,,,69.951122,88.66177886395616,51.24046508183366,36,,,,,-48.5,,,1.0266,2447500,,,8.8278,0,6,92603
201802,92612,"irvine, ca",2307,2221,,,76.805154,93.6458564763386,59.96445234392357,25.5,,,,,-59,,,1.2044,838944,,,3.0259,0,3,92612
201802,92618,"irvine, ca",4109,3301,,,69.778938,93.6458564763386,45.91201955121084,25.5,,,,,-59,,,0.9302,1272836,,,4.5909,0,1,92618
201802,92620,"irvine, ca",1262,2546,,,74.557506,96.65629860031105,52.458712878619565,17,,,,,-67.5,,,1.0477,1239500,,,4.4707,0,2,92620
201802,92602,"irvine, ca",4786,3950,,,65.909428,93.2274309412723,38.591424127971564,26.5,,,,,-58,,,0.8101,1706939,,,6.1567,0,5,92602
201801,92602,"irvine, ca",4786,2321,,,75.827692,86.84200791625051,64.8133762438501,54.5,,,,,-35.5,,,1.3243,1467290,,,5.4029,1,5,92602
201801,92603,"irvine, ca",5600,4606,,,61.44712,67.54337291458587,55.35086745829172,79,,,,,-11,,,1.1107,2380000,,,8.7637,0,6,92603
201801,92620,"irvine, ca",1262,1758,,,79.808012,94.45862464395368,65.15740021455258,36,,,,,-54,,,1.3319,1139400,,,4.1955,0,2,92620
201801,92612,"irvine, ca",2307,1934,,,78.485555,94.59179521325787,62.379314171568076,35.5,,,,,-54.5,,,1.2644,849800,,,3.1291,0,3,92612
201801,92618,"irvine, ca",4109,2605,,,73.928162,94.90992490659565,52.94639884585507,34.5,,,,,-55.5,,,1.0664,1284444,,,4.7296,0,1,92618
201712,92620,"irvine, ca",1262,1811,,,79.171116,91.66697352432153,66.67525868100306,44,,,,,-41,,,1.3748,1100000,,,4.0575,0,2,92620
201712,92603,"irvine, ca",5600,5494,,,56.142063,57.193357145487354,55.09076849431086,85,,,,,0,,,1.1177,2195000,,,8.0965,0,6,92603
201712,92618,"irvine, ca",4109,2893,,,71.736569,86.62959826195824,56.84353941893434,52,,,,,-33,,,1.1565,1285000,,,4.7399,0,1,92618
201712,92612,"irvine, ca",2307,3690,,,66.72497,69.14975880988327,64.30018043230106,72,,,,,-13,,,1.3155,858888,,,3.1681,0,3,92612
201712,92602,"irvine, ca",4786,3897,,,65.393821,69.14975880988327,61.63788341863976,72,,,,,-13,,,1.2522,1498800,,,5.5285,1,5,92602
201711,92603,"irvine, ca",5600,6368,,,50.754461,57.61803362948822,43.89088773037668,77,,,,,-0.5,,,0.924,2050000,,,7.4545,0,6,92603
201711,92620,"irvine, ca",1262,2478,,,74.159263,92.28651149129891,56.03201409795139,37,,,,,-40.5,,,1.1372,1094500,,,3.98,0,2,92620
201711,92602,"irvine, ca",4786,5561,,,55.607974,62.84969527865481,48.36625302885674,71,,,,,-6.5,,,1.002,1449000,,,5.2691,1,5,92602
201711,92618,"irvine, ca",4109,3444,,,67.903297,89.39349438284749,46.41309934650121,41.5,,,,,-36,,,0.9659,1264344,,,4.5976,0,1,92618
201711,92612,"irvine, ca",2307,5047,,,58.532198,64.1934062706513,52.870989059402305,69.5,,,,,-8,,,1.0767,854950,,,3.1089,0,3,92612
201710,92612,"irvine, ca",2307,4046,,,64.007319,78.41537053979873,49.599268069533395,52,,,,,-22.5,,,1.0225,833500,,,3.0036,0,3,92612
201710,92603,"irvine, ca",5600,6042,,,52.574565,62.49588289112534,42.65324794144556,68.5,,,,,-6,,,0.9134,2074000,,,7.4738,0,6,92603
201710,92620,"irvine, ca",1262,2558,,,73.236962,91.76212259835316,54.711802378774024,34.5,,,,,-40,,,1.1145,994388,,,3.5833,0,2,92620
201710,92602,"irvine, ca",4786,5668,,,54.62763,70.64592863677952,38.60933211344923,60.5,,,,,-14,,,0.8492,1717995,,,6.1909,1,5,92602
201710,92618,"irvine, ca",4109,3072,,,70.084172,90.29826166514181,49.87008234217749,37,,,,,-37.5,,,1.0277,952543,,,3.4325,1,1,92618
201709,92618,"irvine, ca",4109,2792,,,71.540061,91.29134604864885,51.788775026439595,34,,,,,-37,,,1.0579,938000,,,3.3677,0,1,92618
201709,92603,"irvine, ca",5600,5407,,,55.721892,67.92968892454688,43.514095036650744,59,,,,,-12,,,0.922,2188000,,,7.8556,0,6,92603
201709,92620,"irvine, ca",1262,2891,,,70.952919,92.76831625396595,49.13752233689508,31,,,,,-40,,,1.0113,985000,,,3.5364,0,2,92620
201709,92602,"irvine, ca",4786,4345,,,61.8577,80.11013456839649,43.60526603697895,47,,,,,-24,,,0.9236,1708850,,,6.1353,1,5,92602
201709,92612,"irvine, ca",2307,4175,,,62.773057,80.11013456839649,45.435979723569524,47,,,,,-24,,,0.9521,865999,,,3.1092,0,3,92612
201708,92602,"irvine, ca",4786,4093,,,64.323612,87.73098174100772,40.91624281898349,36,,,,,-30.5,,,0.8637,1618950,,,5.8027,1,5,92602
201708,92603,"irvine, ca",5600,5906,,,53.593253,67.11917743056826,40.067327747081855,57,,,,,-9.5,,,0.85,2124500,,,7.6147,0,6,92603
201708,92612,"irvine, ca",2307,3260,,,69.040214,90.36920487394343,47.71122251088587,32.5,,,,,-34,,,0.9716,867000,,,3.1075,0,3,92612
201708,92618,"irvine, ca",4109,3326,,,68.571847,90.84489004354349,46.29880346884262,32,,,,,-34.5,,,0.9471,950000,,,3.405,0,1,92618
201708,92620,"irvine, ca",1262,2999,,,70.701453,93.54897727688535,47.853928061765885,27.5,,,,,-39,,,0.9742,1024344,,,3.6715,0,2,92620
